{
  "Component-preload.js": 1636727149200,
  "manifest.json": 1636727148797,
  "model/models.js": 1636726546933,
  "controller/App.controller.js": 1636726546929,
  "Component.js": 1636726546929,
  "manifest-bundle.zip": 1636727148813,
  "i18n/i18n.properties": 1636726546929,
  "controller/App-dbg.controller.js": 1636726546929,
  "model/models-dbg.js": 1636726546933,
  "Component-dbg.js": 1636726546929,
  "view/App.view.xml": 1636726546945,
  "css/style.css": 1636726546929,
  "index.html": 1636726546929
}