{
  "utils/locate-reuse-libs-dbg.js": 1636985589743,
  "manifest.json": 1636986928427,
  "utils/locate-reuse-libs.js": 1636985589743,
  "model/models.js": 1636985589743,
  "controller/App.controller.js": 1636985589743,
  "Component.js": 1636985589739,
  "manifest-bundle.zip": 1636986928447,
  "Component-preload.js": 1636986928912,
  "controller/App-dbg.controller.js": 1636985589743,
  "model/models-dbg.js": 1636985589743,
  "i18n/i18n.properties": 1636985589739,
  "Component-dbg.js": 1636985589739,
  "view/App.view.xml": 1636985589743,
  "css/style.css": 1636985589743,
  "index.html": 1636985589739
}